Datetime,Water Level (m)
2025-04-10 06:00:00,-0.44260198
2025-04-10 07:00:00,-0.6344062
2025-04-10 08:00:00,-0.67540026
2025-04-10 09:00:00,-0.541798
2025-04-10 10:00:00,-0.2848163
2025-04-10 11:00:00,0.027674742
2025-04-10 12:00:00,0.32075864
2025-04-10 13:00:00,0.5294365
2025-04-10 14:00:00,0.5486334
2025-04-10 15:00:00,0.41131252
2025-04-10 16:00:00,0.16614643
2025-04-10 17:00:00,-0.1705017
2025-04-10 18:00:00,-0.5040591
2025-04-10 19:00:00,-0.73131096
2025-04-10 20:00:00,-0.8216057
2025-04-10 21:00:00,-0.7274935
2025-04-10 22:00:00,-0.4857204
2025-04-10 23:00:00,-0.14724056
2025-04-11 00:00:00,0.18600468
2025-04-11 01:00:00,0.4517417
2025-04-11 02:00:00,0.568579
2025-04-11 03:00:00,0.51281977
2025-04-11 04:00:00,0.29633552
2025-04-11 05:00:00,-0.009461945
2025-04-11 06:00:00,-0.33539155
2025-04-11 07:00:00,-0.598723
2025-04-11 08:00:00,-0.7251364
2025-04-11 09:00:00,-0.66130143
2025-04-11 10:00:00,-0.44184563
2025-04-11 11:00:00,-0.13426456
2025-04-11 12:00:00,0.18963785
2025-04-11 13:00:00,0.46489543
2025-04-11 14:00:00,0.56050795
2025-04-11 15:00:00,0.5173269
2025-04-11 16:00:00,0.29840067
2025-04-11 17:00:00,0.017740551
2025-04-11 18:00:00,-0.36952907
2025-04-11 19:00:00,-0.68801856
2025-04-11 20:00:00,-0.86195815
2025-04-11 21:00:00,-0.8346772
2025-04-11 22:00:00,-0.63607365
2025-04-11 23:00:00,-0.29208088
2025-04-12 00:00:00,0.077285744
2025-04-12 01:00:00,0.40007415
2025-04-12 02:00:00,0.5955272
2025-04-12 03:00:00,0.6178646
2025-04-12 04:00:00,0.4586114
2025-04-12 05:00:00,0.17191628
2025-04-12 06:00:00,-0.1777356
2025-04-12 07:00:00,-0.5004665
2025-04-12 08:00:00,-0.7179181
2025-04-12 09:00:00,-0.7589307
2025-04-12 10:00:00,-0.61193496
2025-04-12 11:00:00,-0.32935697
2025-04-12 12:00:00,0.031263806
2025-04-12 13:00:00,0.35431275
2025-04-12 14:00:00,0.55667627
2025-04-12 15:00:00,0.5441056
2025-04-12 16:00:00,0.38876393
2025-04-12 17:00:00,0.108718656
2025-04-12 18:00:00,-0.2747612
2025-04-12 19:00:00,-0.611378
2025-04-12 20:00:00,-0.84475243
2025-04-12 21:00:00,-0.9287259
2025-04-12 22:00:00,-0.79612696
2025-04-12 23:00:00,-0.49282327
2025-04-13 00:00:00,-0.107066356
2025-04-13 01:00:00,0.27797276
2025-04-13 02:00:00,0.5768921
2025-04-13 03:00:00,0.7094784
2025-04-13 04:00:00,0.61676687
2025-04-13 05:00:00,0.37535304
2025-04-13 06:00:00,0.013213429
2025-04-13 07:00:00,-0.37382847
2025-04-13 08:00:00,-0.6632999
2025-04-13 09:00:00,-0.78503996
2025-04-13 10:00:00,-0.7287316
2025-04-13 11:00:00,-0.5060498
2025-04-13 12:00:00,-0.17679244
2025-04-13 13:00:00,0.19792691
2025-04-13 14:00:00,0.45480955
2025-04-13 15:00:00,0.5626787
2025-04-13 16:00:00,0.47885612
2025-04-13 17:00:00,0.22942656
2025-04-13 18:00:00,-0.13878785
2025-04-13 19:00:00,-0.51617634
2025-04-13 20:00:00,-0.81387305
2025-04-13 21:00:00,-0.96546286
2025-04-13 22:00:00,-0.9037077
2025-04-13 23:00:00,-0.66353613
2025-04-14 00:00:00,-0.30093873
2025-04-14 01:00:00,0.107458785
2025-04-14 02:00:00,0.45123258
2025-04-14 03:00:00,0.64023614
2025-04-14 04:00:00,0.6436675
2025-04-14 05:00:00,0.48226646
2025-04-14 06:00:00,0.18249916
2025-04-14 07:00:00,-0.19702463
2025-04-14 08:00:00,-0.5332449
2025-04-14 09:00:00,-0.7406144
2025-04-14 10:00:00,-0.7792069
2025-04-14 11:00:00,-0.63989973
2025-04-14 12:00:00,-0.34851447
2025-04-14 13:00:00,0.028731639
2025-04-14 14:00:00,0.3101349
2025-04-14 15:00:00,0.48907602
2025-04-14 16:00:00,0.48319933
2025-04-14 17:00:00,0.31720415
2025-04-14 18:00:00,0.012347679
2025-04-14 19:00:00,-0.35445222
2025-04-14 20:00:00,-0.69032454
2025-04-14 21:00:00,-0.91131306
2025-04-14 22:00:00,-0.93595874
2025-04-14 23:00:00,-0.7772123
2025-04-15 00:00:00,-0.47548366
2025-04-15 01:00:00,-0.077613965
2025-04-15 02:00:00,0.3076838
2025-04-15 03:00:00,0.5767525
2025-04-15 04:00:00,0.6727091
2025-04-15 05:00:00,0.5879306
2025-04-15 06:00:00,0.3487724
2025-04-15 07:00:00,0.006783526
2025-04-15 08:00:00,-0.35133037
2025-04-15 09:00:00,-0.61321306
2025-04-15 10:00:00,-0.73350686
2025-04-15 11:00:00,-0.68081164
2025-04-15 12:00:00,-0.4742372
2025-04-15 13:00:00,-0.16445036
2025-04-15 14:00:00,0.14486364
2025-04-15 15:00:00,0.37657464
2025-04-15 16:00:00,0.4524622
2025-04-15 17:00:00,0.34162155
2025-04-15 18:00:00,0.100045234
2025-04-15 19:00:00,-0.22415014
2025-04-15 20:00:00,-0.5517889
2025-04-15 21:00:00,-0.8038501
2025-04-15 22:00:00,-0.9125196
2025-04-15 23:00:00,-0.83819985
2025-04-16 00:00:00,-0.61844003
2025-04-16 01:00:00,-0.27682072
2025-04-16 02:00:00,0.10882065
2025-04-16 03:00:00,0.43056238
2025-04-16 04:00:00,0.6056239
2025-04-16 05:00:00,0.6081447
2025-04-16 06:00:00,0.4599293
